,Time,Angle 1,Angle 2,Angle 3,Angle 4,Angle 5,Angle 6,Power
0,0.012,-182.993,-90.0062,89.9904,0.0029,-89.9763,180.011,545.1376502829304
1,0.024,-182.967,-90.0062,89.9475,0.0029,-89.9354,180.011,536.919483785664
2,0.036000000000000004,-182.91099999999997,-90.0062,89.8545,0.0029,-89.8467,180.011,566.9747308967927
3,0.048,-182.815,-90.0062,89.6941,0.0029,-89.6936,180.011,568.6903522632367
4,0.06,-182.669,-90.0062,89.449,0.0029,-89.4598,180.011,505.6982356910128
5,0.07200000000000001,-182.46099999999998,-90.0062,89.102,0.0029,-89.1287,180.011,572.5666175193151
6,0.084,-182.18200000000002,-90.0062,88.6357,0.0029,-88.6838,180.011,566.3059110116645
7,0.096,-181.82299999999998,-90.0062,88.0363,0.0029,-88.1118,180.011,579.7549077859346
8,0.10800000000000001,-181.38299999999998,-90.0062,87.3012,0.0029,-87.4105,180.011,539.3810024927284
9,0.12,-180.862,-90.0062,86.4312,0.0029,-86.5804,180.011,558.1583301142708
10,0.132,-180.26,-90.0062,85.4267,0.0029,-85.6219,180.011,612.8699073158377
11,0.14400000000000002,-179.581,-90.0062,84.292,0.0029,-84.5392,180.011,710.7889528098046
12,0.156,-178.832,-90.0062,83.0408,0.0029,-83.3455,180.011,1140.818720337133
13,0.168,-178.023,-90.0062,81.6896,0.0029,-82.0563,180.011,1832.7709197970032
14,0.18,-177.16400000000002,-90.0062,80.2555,0.0029,-80.688,180.011,2861.7476030396915
15,0.192,-176.265,-90.0062,78.7538,0.0029,-79.2551,180.011,4600.9550904236185
16,0.204,-175.334,-90.0062,77.1987,0.0029,-77.7715,180.011,6504.16768149508
17,0.21600000000000003,-174.37900000000002,-90.0062,75.60300000000001,0.0029,-76.249,180.011,8825.380011634463
18,0.228,-173.40599999999998,-90.0062,73.9783,0.0029,-74.6987,180.011,10553.776472592383
19,0.24,-172.422,-90.0062,72.3347,0.0029,-73.1305,180.011,11889.340643674203
20,0.252,-171.43200000000002,-90.0062,70.6813,0.0029,-71.553,180.011,13690.645930557414
21,0.264,-170.43900000000002,-90.0062,69.0255,0.0029,-69.9732,180.011,15037.756352474238
22,0.276,-169.442,-90.0062,67.3695,0.0029,-68.3932,180.011,14813.60798592562
23,0.28800000000000003,-168.437,-90.0062,65.7134,0.0029,-66.8131,180.011,13647.752688340388
24,0.3,-167.419,-90.0062,64.0575,0.0029,-65.2331,180.011,12549.493732249182
25,0.312,-166.378,-90.0062,62.4014,0.0029,-63.653,180.011,11216.562952660033
26,0.324,-165.30700000000002,-90.0062,60.7456,0.0029,-62.0731,180.011,9193.21164650829
27,0.336,-164.19299999999998,-90.0062,59.0889,0.0029,-60.4924,180.011,8239.13357731477
28,0.348,-163.028,-90.0062,57.4378,0.0029,-58.917,180.011,6888.285076091369
29,0.36,-161.809,-90.0062,55.8073,0.0029,-57.3614,180.011,5560.912370441387
30,0.37200000000000005,-160.536,-90.0062,54.2145,0.0029,-55.8416,180.011,4737.666098986937
31,0.384,-159.211,-90.0061,52.6763,0.0029,-54.373999999999995,180.011,4134.601199288754
32,0.396,-157.835,-90.0061,51.2074,0.0029,-52.9724,180.011,3576.805643673363
33,0.408,-156.414,-90.0061,49.8197,0.0029,-51.6483,180.011,4161.46439655743
34,0.42,-154.951,-90.0061,48.5229,0.0029,-50.411,180.011,4299.826399410473
35,0.43200000000000005,-153.451,-90.0061,47.3235,0.0029,-49.2667,180.011,4735.052064016931
36,0.444,-151.916,-90.0061,46.2254,0.0029,-48.218999999999994,180.011,5945.891074873335
37,0.456,-150.352,-90.0061,45.2291,0.0029,-47.2684,180.011,6977.848504896493
38,0.46799999999999997,-148.762,-90.0061,44.332,0.0029,-46.4124,180.011,7264.254170640106
39,0.48,-147.15,-90.0061,43.5294,0.0029,-45.6468,180.011,6510.314711424552
40,0.49200000000000005,-145.518,-90.0061,42.8154,0.0029,-44.9654,180.011,4899.682227528974
41,0.504,-143.872,-90.0061,42.1833,0.0029,-44.3624,180.011,3294.344396357784
42,0.516,-142.213,-90.0061,41.6267,0.0029,-43.8312,180.011,2631.724318569341
43,0.528,-140.54399999999998,-90.0062,41.138999999999996,0.0029,-43.36600000000001,180.011,1225.7227003591197
44,0.54,-138.869,-90.0062,40.7146,0.0029,-42.9611,180.011,716.0930904585517
45,0.552,-137.191,-90.0062,40.3477,0.0029,-42.611000000000004,180.011,690.0221247087982
46,0.564,-135.511,-90.0062,40.033,0.0029,-42.3107,180.011,704.9308647795132
47,0.5760000000000001,-133.83100000000002,-90.0062,39.7652,0.0029,-42.0552,180.011,952.9132376778816
48,0.588,-132.151,-90.0062,39.5394,0.0029,-41.8397,180.011,889.8195197645024
49,0.6,-130.471,-90.0062,39.3511,0.0029,-41.66,180.011,1223.5833689852432
50,0.612,-128.791,-90.0062,39.1961,0.0029,-41.5122,180.011,1334.5046993611825
51,0.624,-127.111,-90.0062,39.0704,0.0029,-41.3923,180.011,1526.1891729808292
52,0.636,-125.431,-90.0062,38.9704,0.0029,-41.2969,180.011,1573.424908623521
53,0.648,-123.751,-90.0062,38.8924,0.0029,-41.2223,180.011,2092.8847405375495
54,0.66,-122.071,-90.0062,38.8329,0.0029,-41.1656,180.011,2020.6323686679311
55,0.672,-120.391,-90.0062,38.7888,0.0029,-41.1235,180.011,1855.7457066673337
56,0.684,-118.711,-90.0062,38.7572,0.0029,-41.0935,180.011,1920.6161598130634
57,0.696,-117.031,-90.0062,38.7357,0.0029,-41.073,180.011,1908.5316903827888
58,0.708,-115.351,-90.0062,38.7218,0.0029,-41.0597,180.011,1608.056670470692
59,0.72,-113.671,-90.0062,38.7135,0.0029,-41.0518,180.011,1871.0912622009307
60,0.732,-111.991,-90.0062,38.7091,0.0029,-41.0475,180.011,2142.9026139760504
61,0.7440000000000001,-110.311,-90.0062,38.707,0.0029,-41.0455,180.011,2209.934423390369
62,0.7559999999999999,-108.631,-90.0062,38.7063,0.0029,-41.0448,180.011,2618.1915443301205
63,0.768,-106.95100000000001,-90.0062,38.7062,0.0029,-41.0447,180.011,2500.3355616438953
64,0.78,-105.271,-90.0062,38.7062,0.0029,-41.0447,180.011,2384.989362965258
65,0.792,-103.59100000000001,-90.0062,38.7062,0.0029,-41.0447,180.011,2231.707672794895
66,0.804,-101.911,-90.0062,38.7062,0.0029,-41.0447,180.011,2057.277203468176
67,0.816,-100.23100000000001,-90.0062,38.7062,0.0029,-41.0447,180.011,2169.8022031142646
68,0.828,-98.5507,-90.0062,38.7062,0.0029,-41.0447,180.011,2358.3633914354045
69,0.84,-96.8707,-90.0062,38.7062,0.0029,-41.0447,180.011,2452.917016362517
70,0.852,-95.1908,-90.0062,38.7062,0.0029,-41.0447,180.011,2581.788702863391
71,0.8640000000000001,-93.5108,-90.0062,38.7062,0.0029,-41.0447,180.011,2522.156188476755
72,0.8759999999999999,-91.8308,-90.0062,38.7062,0.0029,-41.0447,180.011,2396.227270599529
73,0.888,-90.1508,-90.0062,38.7062,0.0029,-41.0447,180.011,2256.694240833516
74,0.9,-88.4708,-90.0062,38.7062,0.0029,-41.0447,180.011,2211.7454937466323
75,0.912,-86.7908,-90.0062,38.7062,0.0029,-41.0447,180.011,2126.7783212662393
76,0.924,-85.1108,-90.0062,38.7062,0.0029,-41.0447,180.011,2319.822259941029
77,0.9359999999999999,-83.4308,-90.0062,38.7062,0.0029,-41.0447,180.011,2476.1077511994404
78,0.948,-81.7507,-90.0062,38.7062,0.0029,-41.0447,180.011,2599.4932066809833
79,0.96,-80.0708,-90.0062,38.7062,0.0029,-41.0447,180.011,2559.3897044518576
80,0.972,-78.3908,-90.0062,38.7062,0.0029,-41.0447,180.011,2295.824841366451
81,0.9840000000000001,-76.7108,-90.0062,38.7062,0.0029,-41.0447,180.011,2235.6917442396075
82,0.996,-75.0309,-90.0062,38.7062,0.0029,-41.0447,180.011,2219.8738093801653
83,1.008,-73.3509,-90.0062,38.7062,0.0029,-41.0447,180.011,2161.8268334765494
84,1.02,-71.6712,-90.0062,38.7062,0.0029,-41.0447,180.011,2435.5058986891536
85,1.032,-69.9911,-90.0062,38.7063,0.0029,-41.0447,180.011,2536.5157481575498
86,1.044,-68.31,-90.006,38.7071,0.0029,-41.0447,180.011,2429.047669689917
87,1.056,-66.6303,-90.0054,38.7096,0.0029,-41.0444,180.011,2505.6786331117373
88,1.068,-64.9504,-90.0041,38.7155,0.0029,-41.0437,180.011,2286.761757559178
89,1.08,-63.2706,-90.0015,38.7271,0.0029,-41.0425,180.011,2226.316724625146
90,1.092,-61.591,-89.9969,38.7472,0.0029,-41.0402,180.011,2262.3256539530685
91,1.104,-59.9126,-89.9896,38.7794,0.0029,-41.0367,180.011,2167.6987916980083
92,1.1159999999999999,-58.2369,-89.9786,38.8279,0.0029,-41.0313,180.011,2387.485217535504
93,1.128,-56.5697,-89.9628,38.8977,0.0029,-41.0237,180.011,2468.676320617184
94,1.14,-54.9099,-89.9408,38.9944,0.0029,-41.013000000000005,180.011,2451.858807606462
95,1.1520000000000001,-53.2638,-89.9115,39.1243,0.0029,-40.9987,180.011,2475.5053607776326
96,1.1640000000000001,-51.6339,-89.8731,39.2934,0.0029,-40.9801,180.011,2330.099627300853
97,1.176,-50.0239,-89.8245,39.5078,0.0029,-40.9564,180.011,2178.596580580799
98,1.188,-48.4364,-89.7641,39.7745,0.0029,-40.9271,180.011,2097.127254953466
99,1.2,-46.8756,-89.6902,40.1004,0.0029,-40.8912,180.011,2365.5843148060903
100,1.212,-45.3474,-89.6014,40.4924,0.0029,-40.848,180.011,2534.3111615855164
101,1.224,-43.8578,-89.4958,40.9579,0.0029,-40.7967,180.011,2256.530474534008
102,1.236,-42.4117,-89.37200000000001,41.5043,0.0029,-40.7365,180.011,2159.0327417942813
103,1.248,-41.0173,-89.2285,42.1374,0.0029,-40.6668,180.011,1808.1474606228892
104,1.26,-39.6844,-89.0646,42.8608,0.0029,-40.5872,180.011,1407.969080467847
105,1.272,-38.4221,-88.8797,43.6764,0.0029,-40.4973,180.011,1572.4614990970542
106,1.284,-37.242,-88.6747,44.5812,0.0029,-40.3976,180.011,1116.1309368220186
107,1.296,-36.1509,-88.4503,45.5711,0.00290001,-40.2885,180.011,1074.7822120292915
108,1.308,-35.1553,-88.2083,46.6389,0.00289995,-40.171,180.011,1158.2341554966522
109,1.32,-34.2588,-87.9505,47.7759,0.00290019,-40.0457,180.011,1397.3422412461694
110,1.3319999999999999,-33.4615,-87.6789,48.974,0.00289926,-39.9137,180.011,1365.0605101139904
111,1.344,-32.7601,-87.3951,50.2265,0.00290284,-39.7758,180.011,1443.3839654299713
112,1.3559999999999999,-32.1497,-87.1002,51.5275,0.00288948,-39.6325,180.011,1812.7466187077753
113,1.368,-31.6239,-86.7955,52.8718,0.0029500999999999998,-39.4843,180.011,2103.920659047745
114,1.38,-31.1752,-86.4824,54.2536,0.00301066,-39.3322,180.011,2081.4424762027425
115,1.392,-30.7956,-86.1613,55.67,0.0029971,-39.1762,180.011,2281.3966128996076
116,1.4040000000000001,-30.4776,-85.8331,57.1177,0.00300076,-39.0166,180.011,2335.8569714197047
117,1.416,-30.2147,-85.4991,58.5915,0.00299981,-38.8543,180.011,2278.0384417465157
118,1.4280000000000002,-30.0001,-85.1594,60.0902,0.00300004,-38.6893,180.011,2309.311835810062
119,1.44,-29.8279,-84.8148,61.6107,0.00299999,-38.5218,180.011,2215.259768047745
120,1.452,-29.6924,-84.4659,63.15,0.003,-38.3522,180.011,2214.54281332469
121,1.464,-29.5883,-84.1134,64.7054,0.003,-38.1809,180.011,2324.3374990554366
122,1.476,-29.5111,-83.7579,66.2735,0.003,-38.0081,180.011,2782.250352563555
123,1.4880000000000002,-29.456,-83.3998,67.8538,0.003,-37.834,180.011,2862.7932134684706
124,1.5,-29.4187,-83.0395,69.4432,0.003,-37.659,180.011,3002.889440926674
125,1.5119999999999998,-29.3951,-82.6779,71.0385,0.003,-37.4832,180.011,3219.338943678386
126,1.524,-29.3814,-82.3153,72.6384,0.003,-37.306999999999995,180.011,3550.2032920165257
127,1.536,-29.3743,-81.9522,74.2404,0.003,-37.1305,180.011,3332.994272716727
128,1.548,-29.3713,-81.5891,75.8423,0.003,-36.954,180.011,3110.625386830161
129,1.56,-29.3703,-81.2268,77.4407,0.003,-36.778,180.011,3573.635936737881
130,1.5719999999999998,-29.3701,-80.8654,79.035,0.003,-36.6024,180.011,3103.431631303511
131,1.584,-29.3701,-80.5058,80.6221,0.003,-36.4275,180.011,2590.6562343069622
132,1.5959999999999999,-29.3701,-80.1484,82.1986,0.003,-36.2539,180.011,2637.383674447577
133,1.608,-29.3701,-79.7937,83.7637,0.003,-36.0815,180.011,2573.5083364996785
134,1.62,-29.3701,-79.4423,85.3141,0.003,-35.9108,180.011,1863.6869405860537
135,1.632,-29.3701,-79.0948,86.84700000000001,0.003,-35.7419,180.011,1730.8262122978392
136,1.6440000000000001,-29.3701,-78.7521,88.3587,0.003,-35.5753,180.011,1822.8986672749347
137,1.656,-29.3701,-78.4148,89.8473,0.003,-35.4113,180.011,1559.3305246920952
138,1.6680000000000001,-29.3701,-78.0833,91.3099,0.003,-35.2503,180.011,1291.287270884654
139,1.68,-29.3701,-77.7586,92.7427,0.003,-35.0925,180.011,1301.1742025962637
140,1.692,-29.3701,-77.4417,94.1406,0.003,-34.9385,180.011,894.5991701693272
141,1.704,-29.3701,-77.1334,95.5008,0.003,-34.7886,180.011,582.7779015308388
142,1.716,-29.3701,-76.8355,96.815,0.003,-34.6439,180.011,466.5069781564189
143,1.7280000000000002,-29.3701,-76.5498,98.0747,0.003,-34.5069,180.011,409.8376784960544
144,1.74,-29.3701,-76.2801,99.2586,0.003,-34.3933,180.011,433.151441086462
145,1.7519999999999998,-29.3701,-76.0223,100.375,0.003,-34.3239,180.011,409.7078293824896
146,1.764,-29.3701,-75.7698,101.444,0.003,-34.3175,180.011,389.79679599114
147,1.776,-29.3701,-75.5181,102.476,0.003,-34.3828,180.012,410.99125458639236
148,1.788,-29.3701,-75.2662,103.462,0.003,-34.5229,180.012,405.1395560905927
149,1.8,-29.3701,-75.0147,104.396,0.003,-34.7384,180.012,381.55376579036346
150,1.8119999999999998,-29.3701,-74.7655,105.26899999999999,0.003,-35.0256,180.012,395.950640868949
151,1.824,-29.3701,-74.5202,106.074,0.003,-35.3772,180.012,381.9751277906649
152,1.8359999999999999,-29.3701,-74.2811,106.807,0.003,-35.7799,180.012,411.6454210159828
153,1.848,-29.3701,-74.0504,107.465,0.003,-36.2133,180.012,408.1174334150294
154,1.86,-29.3702,-73.829,108.05799999999999,0.003,-36.6562,180.012,385.95381071140315
155,1.8719999999999999,-29.3702,-73.6196,108.584,0.003,-37.0868,180.012,416.640827381812
156,1.8840000000000001,-29.3702,-73.4244,109.04700000000001,0.00299999,-37.4974,180.012,384.81881148818445
157,1.896,-29.3702,-73.2423,109.45299999999999,0.00300004,-37.8912,180.011,424.0680529581755
158,1.9080000000000001,-29.3702,-73.0743,109.806,0.00299986,-38.2647,180.011,418.2779733721594
159,1.92,-29.3702,-72.9212,110.10799999999999,0.00300053,-38.6131,180.011,401.0625172567584
160,1.932,-29.3702,-72.7831,110.365,0.00299802,-38.9329,180.011,394.00756711733374
161,1.944,-29.3702,-72.6607,110.583,0.00300739,-39.2209,180.011,373.9820432265193
162,1.956,-29.3702,-72.5541,110.765,0.00291227,-39.4739,180.011,399.50202974199703
163,1.9680000000000002,-29.3702,-72.4635,110.917,0.00289681,-39.6889,180.011,407.77555367097904
164,1.98,-29.3702,-72.3888,111.041,0.00290085,-39.8647,180.011,404.3133454709292
165,1.992,-29.3702,-72.3303,111.13600000000001,0.00289977,-40.001,180.011,385.2888874406575
166,2.004,-29.3702,-72.2886,111.204,0.00290006,-40.0979,180.011,369.44022655783465
167,2.016,-29.3702,-72.2637,111.244,0.00289998,-40.1555,180.011,404.3273321315504
168,2.028,-29.3702,-72.2558,111.257,0.0029,-40.1736,180.011,427.56265629768416
169,2.04,-29.3702,-72.2649,111.242,0.0029,-40.1525,180.011,415.0966490576499
170,2.052,-29.3702,-72.2912,111.2,0.0029,-40.0918,180.011,385.5703443317074
171,2.064,-29.3702,-72.3343,111.13,0.0029,-39.9918,180.011,395.7034063063455
172,2.076,-29.3702,-72.3939,111.03200000000001,0.0029,-39.8525,180.011,409.07365801002726
173,2.088,-29.3702,-72.4699,110.90700000000001,0.0029,-39.6738,180.011,405.59673040949076
174,2.1,-29.3702,-72.5618,110.75200000000001,0.0029,-39.4559,180.011,403.16326904947243
175,2.112,-29.3702,-72.6695,110.56700000000001,0.0029,-39.2002,180.011,396.80018565363093
176,2.124,-29.3702,-72.7931,110.346,0.0029,-38.9097,180.011,398.2539335927696
177,2.136,-29.3702,-72.9323,110.085,0.0029,-38.5876,180.011,408.8995609782165
178,2.148,-29.3702,-73.0863,109.77799999999999,0.0029,-38.2373,180.011,384.38574815849853
179,2.16,-29.3702,-73.2552,109.42,0.0029,-37.8624,180.011,396.92057111847294
180,2.1719999999999997,-29.3702,-73.438,109.008,0.00290001,-37.4676,180.012,397.5345673269872
181,2.184,-29.3702,-73.6355,108.536,0.00289996,-37.0527,180.012,368.6698134282322
182,2.1959999999999997,-29.3702,-73.8464,108.00200000000001,0.00290013,-36.6205,180.012,420.208181067013
183,2.208,-29.3702,-74.0676,107.40700000000001,0.00289964,-36.1799,180.012,437.5699424464186
184,2.22,-29.3702,-74.2973,106.74799999999999,0.00290044,-35.7507,180.012,1173.218436712216
185,2.2319999999999998,-29.3702,-74.5353,106.016,0.00290453,-35.3531,180.012,1459.8393090926024
186,2.244,-29.3702,-74.7807,105.208,0.00300811,-35.0057,180.012,1547.0952971568458
187,2.256,-29.3702,-75.031,104.329,0.00299729,-34.7218,180.012,1946.98925278865
188,2.2680000000000002,-29.3702,-75.285,103.384,0.00300068,-34.5096,180.012,2347.5252523361546
189,2.28,-29.3702,-75.5409,102.381,0.00299987,-34.3738,180.012,2901.014117961924
190,2.292,-29.3702,-75.7981,101.325,0.00300002,-34.3146,180.012,3389.067359260269
191,2.3040000000000003,-29.3701,-76.0563,100.229,0.003,-34.3291,180.011,3802.8610238107326
192,2.316,-29.3701,-76.3188,99.0894,0.003,-34.4063,180.011,4136.392888560957
193,2.3280000000000003,-29.3701,-76.5916,97.8913,0.003,-34.5253,180.011,3936.013743699736
194,2.34,-29.3701,-76.87899999999999,96.6234,0.003,-34.6648,180.011,4211.492679786787
195,2.352,-29.3701,-77.1782,95.303,0.003,-34.8104,180.011,5086.836995335766
196,2.364,-29.3701,-77.4874,93.939,0.003,-34.9606,180.011,5656.201637242344
197,2.376,-29.3701,-77.8048,92.5384,0.003,-35.1149,180.011,6051.271194724332
198,2.388,-29.3701,-78.1297,91.1049,0.003,-35.2728,180.011,6180.519326778714
199,2.4,-29.3701,-78.4613,89.64200000000001,0.003,-35.434,180.011,6433.359320375485
200,2.412,-29.3701,-78.79899999999999,88.1521,0.003,-35.598,180.011,5925.123033208815
201,2.424,-29.3701,-79.142,86.639,0.003,-35.7648,180.011,4935.918266187232
202,2.436,-29.3701,-79.4898,85.1044,0.003,-35.9338,180.011,4983.941678083448
203,2.448,-29.3701,-79.8415,83.5527,0.003,-36.1047,180.011,6618.468860535253
204,2.46,-29.3701,-80.1968,81.985,0.003,-36.2774,180.011,8638.752726481283
205,2.472,-29.3701,-80.555,80.4044,0.00300001,-36.4515,180.011,7100.091334200617
206,2.484,-29.3702,-80.9156,78.8134,0.00299991,-36.6268,180.011,7242.769745453385
207,2.496,-29.3707,-81.2782,77.214,0.00300045,-36.8029,180.011,8080.786181309869
208,2.508,-29.3726,-81.6423,75.6077,0.00299801,-36.9799,180.011,6961.986300540646
209,2.52,-29.3773,-82.007,73.9983,0.00300839,-37.1571,180.011,5548.062290093305
210,2.532,-29.3868,-82.3723,72.3869,0.00291845,-37.3346,180.011,5587.470378953226
211,2.544,-29.4038,-82.7376,70.7753,0.00289463,-37.5122,180.011,4541.1138476401575
212,2.556,-29.4314,-83.1019,69.1676,0.00290164,-37.6893,180.011,3811.3890743018724
213,2.568,-29.4734,-83.4654,67.5639,0.0028995,-37.8659,180.011,4970.816352425694
214,2.58,-29.5343,-83.8271,65.9677,0.00290015,-38.0417,180.011,5445.2181068108775
215,2.592,-29.6192,-84.1865,64.3825,0.00289995,-38.2164,180.011,5068.025960691128
216,2.6039999999999996,-29.7339,-84.54299999999999,62.8095,0.00290001,-38.3896,180.011,6002.363749219645
217,2.616,-29.8845,-84.8964,61.2501,0.0029,-38.5614,180.011,5170.999197767063
218,2.628,-30.076999999999998,-85.2458,59.7088,0.0029,-38.7312,180.011,3631.7645143941922
219,2.64,-30.3178,-85.5904,58.1884,0.0029,-38.8987,180.011,3685.797700386874
220,2.6519999999999997,-30.6132,-85.9297,56.6914,0.0029,-39.0635,180.011,2636.358770794112
221,2.6639999999999997,-30.9696,-86.2627,55.2221,0.0029,-39.2254,180.011,2048.582748256649
222,2.676,-31.3939,-86.589,53.7825,0.0029,-39.384,180.011,2891.361674556838
223,2.688,-31.8929,-86.9074,52.3781,0.0029,-39.5387,180.011,2774.7482503638757
224,2.7,-32.4726,-87.2163,51.0148,0.0029,-39.6888,180.011,2842.5782545979596
225,2.7119999999999997,-33.1393,-87.5149,49.6977,0.0029,-39.8339,180.011,3854.392008481114
226,2.7239999999999998,-33.8974,-87.8011,48.4345,0.0029,-39.973,180.011,2630.9410669020954
227,2.736,-34.7495,-88.0731,47.2347,0.0029,-40.1052,180.011,2449.8346299505765
228,2.748,-35.6959,-88.3286,46.1076,0.0029,-40.2294,180.011,2206.70701053516
229,2.76,-36.734,-88.5655,45.0624,0.0029,-40.3445,180.011,1112.6447370971482
230,2.772,-37.8567,-88.7818,44.108000000000004,0.0029,-40.4497,180.011,1207.7989134922325
231,2.784,-39.0574,-88.9767,43.2481,0.0029,-40.5444,180.011,1612.9006460831945
232,2.7960000000000003,-40.3279,-89.1499,42.4838,0.0029,-40.6286,180.011,1759.353225696784
233,2.8080000000000003,-41.6588,-89.3017,41.8139,0.0029,-40.7024,180.011,2128.2810035386337
234,2.82,-43.0433,-89.4333,41.2337,0.0029,-40.7662,180.011,2831.0835703927446
235,2.832,-44.4742,-89.5458,40.736999999999995,0.0029,-40.821,180.011,3043.480522105186
236,2.844,-45.9474,-89.6412,40.3159,0.0029,-40.8674,180.011,3308.9050531292914
237,2.8560000000000003,-47.4579,-89.7214,39.9623,0.0029,-40.9063,180.011,3744.4597434392504
238,2.8680000000000003,-48.9992,-89.7879,39.6693,0.0029,-40.9385,180.011,3482.6582964345466
239,2.88,-50.5693,-89.8422,39.4295,0.0029,-40.9649,180.011,3130.6071559728252
240,2.892,-52.1653,-89.88600000000001,39.2362,0.0029,-40.9863,180.011,2978.6055032419886
241,2.904,-53.7816,-89.9206,39.0837,0.0029,-41.0031,180.011,2822.490073347251
242,2.9160000000000004,-55.416000000000004,-89.9472,38.9659,0.0029,-41.0161,180.011,3123.5220031701165
243,2.928,-57.0644,-89.9673,38.8774,0.0029,-41.0258,180.011,3238.190095907993
244,2.94,-58.7248,-89.9818,38.8133,0.0029,-41.0329,180.011,3637.3309688021595
245,2.952,-60.3945,-89.9919,38.7689,0.0029,-41.0378,180.011,4017.5154323551264
246,2.964,-62.0706,-89.9985,38.74,0.0029,-41.0409,180.011,3984.5184736784577
247,2.9760000000000004,-63.75,-90.0024,38.7225,0.0029,-41.0429,180.011,4358.6526239993445
248,2.988,-65.4295,-90.0046,38.7128,0.0029,-41.0439,180.011,3930.1302205827005
249,3.0,-67.1093,-90.0056,38.7083,0.0029,-41.0444,180.011,3769.1192062221703
250,3.012,-68.789,-90.0061,38.7065,0.0029,-41.0446,180.011,4144.52524543947
251,3.0239999999999996,-70.4696,-90.0061,38.7061,0.0029,-41.0447,180.011,3645.2377953566634
252,3.036,-72.15,-90.0061,38.7061,0.0029,-41.0447,180.011,3610.8885163032833
253,3.048,-73.8302,-90.0061,38.7061,0.0029,-41.0447,180.011,3584.446158030912
254,3.06,-75.5093,-90.0061,38.7061,0.0029,-41.0447,180.011,3509.607721394865
255,3.072,-77.1898,-90.0061,38.7061,0.0029,-41.0447,180.011,3437.44076261434
256,3.0839999999999996,-78.87,-90.0061,38.7062,0.0029,-41.0447,180.011,2789.2030835057703
257,3.096,-80.5497,-90.006,38.7064,0.0029,-41.0446,180.011,2576.984437304427
258,3.108,-82.2296,-90.0058,38.7074,0.0029,-41.0446,180.011,2044.7886378290425
259,3.12,-83.9093,-90.005,38.7104,0.0029,-41.0445,180.011,1992.5672498025447
260,3.1319999999999997,-85.5893,-90.0034,38.717,0.0029,-41.0442,180.011,2288.2480866495785
261,3.1439999999999997,-87.2689,-90.0003,38.7294,0.0029,-41.0436,180.011,2347.7470507154953
262,3.156,-88.9501,-89.9949,38.7502,0.0029,-41.0427,180.011,2561.3877363933007
263,3.168,-90.6291,-89.9867,38.7827,0.0029,-41.0413,180.011,2453.4640926279053
264,3.18,-92.3068,-89.9745,38.830999999999996,0.0029,-41.0391,180.011,2272.8997061756386
265,3.1919999999999997,-93.98,-89.9571,38.8996,0.0029,-41.0361,180.011,2437.2192863742866
266,3.2039999999999997,-95.6456,-89.9333,38.9938,0.0029,-41.0319,180.011,2343.0706371757624
267,3.216,-97.2996,-89.9016,39.119,0.0029,-41.0263,180.011,1999.9513657775406
268,3.228,-98.9409,-89.8604,39.2814,0.0029,-41.019,180.011,2137.821805604025
269,3.24,-100.564,-89.8084,39.4863,0.0029,-41.01,180.011,2285.3604462848098
270,3.252,-102.167,-89.7442,39.74,0.0029,-40.9987,180.011,2380.9757550208997
271,3.264,-103.745,-89.6661,40.0483,0.0029,-40.985,180.011,2311.856646141215
272,3.2760000000000002,-105.29299999999999,-89.5725,40.4177,0.0029,-40.9686,180.011,2656.6425418428803
273,3.2880000000000003,-106.806,-89.4618,40.8546,0.0029,-40.9492,180.011,2407.2449654549473
274,3.3,-108.279,-89.3324,41.3653,0.0029,-40.9264,180.011,1917.1797774577483
275,3.312,-109.704,-89.18299999999999,41.9549,0.00290001,-40.9002,180.011,2171.1345178705114
276,3.324,-111.072,-89.0129,42.626000000000005,0.00289996,-40.8703,180.011,1716.432363883517
277,3.3360000000000003,-112.37299999999999,-88.8219,43.3802,0.00290012,-40.8368,180.011,1428.3051765098471
278,3.3480000000000003,-113.6,-88.6102,44.2158,0.00289962,-40.7997,180.011,1491.2770769556323
279,3.36,-114.744,-88.37899999999999,45.1284,0.00290107,-40.759,180.011,1375.5160808385172
280,3.372,-115.79799999999999,-88.1299,46.1115,0.00289744,-40.7153,180.011,1241.9640604297763
281,3.384,-116.76100000000001,-87.8645,47.1591,0.00290396,-40.6687,180.011,1453.750526853794
282,3.3960000000000004,-117.631,-87.5848,48.2632,0.00299832,-40.6196,180.011,1511.8821915246358
283,3.408,-118.41,-87.292,49.4183,0.00300235,-40.5682,180.011,1438.6653577214183
284,3.42,-119.102,-86.9877,50.6196,0.00299874,-40.5148,180.011,1602.2262039514103
285,3.432,-119.712,-86.6729,51.8622,0.00300052,-40.4596,180.011,1720.7010552103973
286,3.444,-120.245,-86.3488,53.1413,0.00299982,-40.4027,180.011,1621.911107504929
287,3.4560000000000004,-120.70700000000001,-86.0163,54.4534,0.00300006,-40.3443,180.011,1625.1648637310002
288,3.468,-121.10600000000001,-85.6761,55.7965,0.00299998,-40.2845,180.011,1853.1952735413079
289,3.48,-121.448,-85.3288,57.1673,0.003,-40.2236,180.011,1860.582090981817
290,3.492,-121.73700000000001,-84.9754,58.5622,0.003,-40.1615,180.011,1619.9549819660351
291,3.5039999999999996,-121.98,-84.6161,59.9804,0.003,-40.0985,180.011,1535.2753597734122
292,3.516,-122.182,-84.2516,61.4189,0.003,-40.0345,180.011,1631.0285193963678
293,3.528,-122.346,-83.8826,62.8754,0.003,-39.9698,180.011,1321.8132946920448
294,3.54,-122.478,-83.5094,64.3481,0.003,-39.9042,180.01,1646.3384849326665
295,3.552,-122.58200000000001,-83.1328,65.8346,0.003,-39.8381,180.011,2129.074965875466
296,3.5639999999999996,-122.662,-82.7531,67.3333,0.003,-39.7714,180.01,2055.750190266422
297,3.576,-122.721,-82.3707,68.8427,0.003,-39.7043,180.011,2572.025131880502
298,3.588,-122.76299999999999,-81.986,70.3611,0.003,-39.6368,180.01,3043.287779140932
299,3.6,-122.791,-81.5995,71.8866,0.003,-39.5689,180.01,3112.4297506364387
300,3.612,-122.809,-81.2117,73.417,0.003,-39.5009,180.01,3140.8063634079726
301,3.6239999999999997,-122.819,-80.8231,74.95100000000001,0.003,-39.4326,180.01,2903.2694388640075
302,3.636,-122.825,-80.4341,76.4864,0.00300001,-39.3644,180.01,3039.6472817176937
303,3.648,-122.82700000000001,-80.0453,78.0211,0.00299997,-39.2962,180.01,2422.8110107512853
304,3.66,-122.82799999999999,-79.6566,79.5551,0.00300009,-39.2279,180.01,2250.5184668541624
305,3.6719999999999997,-122.82799999999999,-79.2687,81.0862,0.00299974,-39.1599,180.01,2220.94125257872
306,3.6839999999999997,-122.82799999999999,-78.8825,82.6103,0.00300066,-39.092,180.01,2140.0606098357275
307,3.696,-122.82799999999999,-78.4977,84.1292,0.00299897,-39.0245,180.01,2196.083853619674
308,3.708,-122.82799999999999,-78.1153,85.6382,0.00299837,-38.9574,180.01,2187.5630766053155
309,3.72,-122.82799999999999,-77.7356,87.1371,0.00309077,-38.8907,180.01,2433.0085031688777
310,3.7319999999999998,-122.82799999999999,-77.3593,88.6223,0.00310473,-38.8247,180.01,1774.0589567738705
311,3.7439999999999998,-122.82799999999999,-76.9864,90.094,0.00309812,-38.7592,180.01,1522.6565967684826
312,3.7560000000000002,-122.82799999999999,-76.6181,91.5478,0.00310064,-38.6945,180.01,1414.6957488728103
313,3.7680000000000002,-122.82799999999999,-76.2546,92.9824,0.0030998,-38.6307,180.01,908.8577968925815
314,3.78,-122.82799999999999,-75.8963,94.3968,0.00310005,-38.5678,180.01,542.511245252807
315,3.792,-122.82799999999999,-75.5441,95.7868,0.00309999,-38.506,180.01,886.4498385928875
316,3.804,-122.82799999999999,-75.1986,97.1505,0.0031,-38.4454,180.01,586.0896939116142
317,3.8160000000000003,-122.82799999999999,-74.8605,98.485,0.0031,-38.385999999999996,180.01,482.16478647479516
318,3.8280000000000003,-122.82799999999999,-74.5309,99.7859,0.0031,-38.3282,180.01,778.6629481952423
319,3.84,-122.82799999999999,-74.2104,101.051,0.0031,-38.2719,180.01,427.3721702082768
320,3.852,-122.82799999999999,-73.9009,102.272,0.0031,-38.2176,180.01,406.8209747080859
321,3.864,-122.82799999999999,-73.6053,103.436,0.0031,-38.1682,180.01,399.5567675902042
322,3.8760000000000003,-122.82799999999999,-73.3229,104.52600000000001,0.0031,-38.1359,180.01,404.74255146749607
323,3.888,-122.82799999999999,-73.0461,105.55,0.0031,-38.1416,180.01,362.0696548392527
324,3.9,-122.82799999999999,-72.7691,106.515,0.0031,-38.2035,180.01,413.5667945881144
325,3.912,-122.82799999999999,-72.4899,107.411,0.0031,-38.3286,180.01,425.54880252699195
326,3.924,-122.82799999999999,-72.2082,108.225,0.0031,-38.516,180.01,386.0308273030476
327,3.9360000000000004,-122.82799999999999,-71.9251,108.947,0.0031,-38.7613,180.01,394.0405490768819
328,3.948,-122.82799999999999,-71.6419,109.58,0.0031,-39.0586,180.01,391.62138872213154
329,3.96,-122.82799999999999,-71.3598,110.12899999999999,0.0031,-39.4008,180.01,399.6682765927681
330,3.972,-122.82799999999999,-71.0798,110.605,0.00310003,-39.7799,180.01,410.84728314853453
331,3.984,-122.82799999999999,-70.8036,111.02,0.00309987,-40.1852,180.01,384.4145682117269
332,3.9960000000000004,-122.82799999999999,-70.5325,111.383,0.00310026,-40.6025,180.01,405.62691827339205
333,4.008,-122.82799999999999,-70.2682,111.70200000000001,0.00310044,-41.0161,180.01,400.63550468777413
334,4.02,-122.82799999999999,-70.0125,111.98100000000001,0.00300148,-41.4183,180.01,396.99265791603057
335,4.032,-122.82799999999999,-69.7674,112.226,0.00300194,-41.808,180.01,397.2261829127889
336,4.044,-122.82799999999999,-69.5354,112.44,0.00290479,-42.1827,180.01,403.4153757972107
337,4.056,-122.82799999999999,-69.3194,112.626,0.00289777,-42.538000000000004,180.01,412.8298671104716
338,4.0680000000000005,-122.82799999999999,-69.1225,112.785,0.00290396,-42.8672,180.01,423.82812266749164
339,4.08,-122.82799999999999,-68.9466,112.919,0.00280443,-43.1647,180.01,390.3766674842795
340,4.092,-122.82799999999999,-68.7931,113.031,0.00279876,-43.4261,180.01,413.6722286902551
341,4.104,-122.82799999999999,-68.6635,113.12200000000001,0.00280057,-43.6472,180.01,402.88188244666685
342,4.1160000000000005,-122.82799999999999,-68.5587,113.195,0.00279895,-43.8249,180.01,388.0314264283943
343,4.128,-122.82799999999999,-68.4792,113.249,0.00280363,-43.9589,180.01,387.83228036865034
344,4.14,-122.82799999999999,-68.4256,113.286,0.00270456,-44.0492,180.01,396.0583934735318
345,4.152,-122.82799999999999,-68.3977,113.305,0.00269854,-44.096000000000004,180.01,425.1208642968008
346,4.164,-122.82799999999999,-68.3957,113.306,0.00270129,-44.0992,180.01,394.85636820537655
347,4.176,-122.82799999999999,-68.4199,113.29,0.00269629,-44.0588,180.01,400.92493556053563
348,4.188,-122.82799999999999,-68.4698,113.256,0.00279552,-43.9748,180.01,401.73762178482974
349,4.2,-122.82799999999999,-68.5455,113.204,0.00280119,-43.8472,180.01,377.49319353584394
350,4.212,-122.82799999999999,-68.6466,113.134,0.00279969,-43.6759,180.01,405.73575878064986
351,4.224,-122.82799999999999,-68.7727,113.045,0.00280007,-43.4612,180.01,403.85092109664714
352,4.236000000000001,-122.82799999999999,-68.9227,112.936,0.00280005,-43.2054,180.01,398.93802621324085
353,4.248,-122.82799999999999,-69.0951,112.806,0.00279974,-42.9129,180.01,394.03225698095554
354,4.26,-122.82799999999999,-69.2888,112.652,0.00280098,-42.588,180.01,389.3901042686467
355,4.272,-122.829,-69.5022,112.47200000000001,0.00279635,-42.2353,180.01,404.9806325646024
356,4.284,-122.835,-69.7338,112.26299999999999,0.00289557,-41.8589,180.01,378.6278972494112
357,4.296,-122.84899999999999,-69.9814,112.023,0.00290094,-41.4632,180.01,405.0413111751973
358,4.308,-122.874,-70.2395,111.74799999999999,0.00290069,-41.0546,180.01,398.12352719412894
359,4.32,-122.914,-70.5054,111.43700000000001,0.00289589,-40.6366,180.01,411.663583221387
360,4.332,-122.97399999999999,-70.7773,111.083,0.00299451,-40.2137,180.01,382.0544598300236
361,4.343999999999999,-123.057,-71.0535,110.68,0.00300127,-39.8009,180.01,704.7128914919326
362,4.356,-123.17,-71.333,110.21700000000001,0.00299974,-39.4143,180.01,1473.0540146998121
363,4.368,-123.322,-71.6142,109.681,0.00299901,-39.0654,180.01,1684.0974160617088
364,4.38,-123.51899999999999,-71.8961,109.06299999999999,0.00301282,-38.7621,180.01,1983.160150451306
365,4.3919999999999995,-123.76700000000001,-72.17699999999999,108.355,0.00311007,-38.512,180.01,2177.444180887471
366,4.404,-124.066,-72.4562,107.555,0.00309726,-38.3207,180.01,2271.826077220319
367,4.416,-124.41,-72.7328,106.67,0.00310062,-38.1932,180.01,2338.9214553999423
368,4.428,-124.792,-73.0068,105.715,0.00309988,-38.1299,180.01,2306.4310228697404
369,4.44,-125.205,-73.2812,104.697,0.00310002,-38.1244,180.01,2334.0994423460807
370,4.452,-125.647,-73.5606,103.615,0.0031,-38.158,180.01,2728.2309761225133
371,4.4639999999999995,-126.119,-73.8518,102.46700000000001,0.0031,-38.2087,180.01,3091.918217447516
372,4.476,-126.611,-74.1556,101.26700000000001,0.0031,-38.2624,180.01,3925.621413086106
373,4.488,-127.12100000000001,-74.4702,100.02600000000001,0.0031,-38.3175,180.01,5013.760162139606
374,4.5,-127.645,-74.7938,98.7482,0.0031,-38.3744,180.01,6057.076207832277
375,4.512,-128.183,-75.126,97.4373,0.0031,-38.4327,180.01,7376.1272123268
376,4.524,-128.733,-75.4657,96.0963,0.0031,-38.4923,180.01,8326.65904926973
377,4.5360000000000005,-129.295,-75.8125,94.7273,0.00309999,-38.5532,180.01,8459.396788766102
378,4.548,-129.86700000000002,-76.1653,93.335,0.00310005,-38.6151,180.01,7535.640756577973
379,4.56,-130.447,-76.5237,91.9203,0.00309979,-38.678000000000004,180.01,7240.276284341144
380,4.572,-131.036,-76.8875,90.4847,0.00310073,-38.7419,180.01,7510.13982092781
381,4.584,-131.63299999999998,-77.2557,89.0313,0.00309761,-38.8065,180.01,8563.39685820155
382,4.596,-132.236,-77.6278,87.5625,0.00310716,-38.8719,180.01,7807.767616923193
383,4.6080000000000005,-132.844,-78.0033,86.0805,0.00307972,-38.9378,180.01,7058.222624874798
384,4.62,-133.457,-78.3819,84.5864,0.00299298,-39.0042,180.01,7644.773542546068
385,4.632,-134.075,-78.7634,83.0809,0.00300086,-39.0711,180.01,7575.441603318874
386,4.644,-134.696,-79.1467,81.5681,0.00300015,-39.1385,180.01,6304.6091961243
387,4.656000000000001,-135.32,-79.5317,80.048,0.00299984,-39.2061,180.01,5621.673977818333
388,4.668,-135.946,-79.9181,78.5233,0.00300008,-39.2741,180.01,5710.525058228087
389,4.68,-136.57399999999998,-80.3053,76.9961,0.00299997,-39.3428,180.01,5306.135564675283
390,4.692,-137.203,-80.6927,75.4691,0.00300001,-39.413000000000004,180.01,5724.15306525445
391,4.704,-137.833,-81.0801,73.9447,0.003,-39.4854,180.01,6140.01217402799
392,4.716,-138.465,-81.4672,72.4251,0.003,-39.5615,180.01,6328.312414383169
393,4.728,-139.099,-81.8534,70.9153,0.003,-39.6427,180.01,5284.987097906007
394,4.74,-139.735,-82.238,69.4188,0.003,-39.731,180.011,5275.860847980324
395,4.752,-140.375,-82.6213,67.9383,0.003,-39.8288,180.01,5105.628962003523
396,4.763999999999999,-141.019,-83.0022,66.4794,0.003,-39.9382,180.011,3639.6066810623774
397,4.776,-141.668,-83.3804,65.0465,0.003,-40.0619,180.011,3690.859708152804
398,4.788,-142.322,-83.7553,63.6452,0.003,-40.2026,180.01,4503.315686820413
399,4.8,-142.983,-84.1267,62.2792,0.003,-40.3632,180.011,3824.823811619122
400,4.812,-143.653,-84.494,60.9542,0.003,-40.5463,180.011,4018.5855545429677
401,4.824,-144.33100000000002,-84.8565,59.675,0.003,-40.7547,180.011,4342.953514808518
402,4.836,-145.019,-85.2137,58.4475,0.003,-40.99100000000001,180.011,3163.082406859841
403,4.848,-145.716,-85.5646,57.2778,0.00299999,-41.258,180.011,2538.8878126896034
404,4.86,-146.424,-85.9088,56.17100000000001,0.00300001,-41.5588,180.011,2357.847072357428
405,4.872,-147.145,-86.2457,55.1337,0.00300002,-41.8969,180.011,1582.1913240704187
406,4.8839999999999995,-147.879,-86.5741,54.1745,0.00299983,-42.2758,180.011,1197.7696279465436
407,4.896,-148.626,-86.89299999999999,53.3006,0.00300078,-42.6992,180.011,1517.515965980856
408,4.908,-149.388,-87.2017,52.5201,0.00299694,-43.1713,180.011,1063.9226040284454
409,4.92,-150.165,-87.4984,51.8431,0.0030112,-43.6948,180.011,792.9630126732017
410,4.9319999999999995,-150.955,-87.7818,51.2787,0.00294119,-44.2731,180.011,990.8365597261991
411,4.944,-151.759,-88.0501,50.836000000000006,0.002891,-44.9086,180.011,524.1634743784152
412,4.956,-152.57399999999998,-88.3017,50.5235,0.00290238,-45.6015,180.011,420.48603036573263
413,4.968,-153.39600000000002,-88.5346,50.3467,0.00289938,-46.3512,180.011,425.39808824882505
414,4.98,-154.22299999999998,-88.7482,50.3081,0.00290016,-47.1561,180.011,387.9820583352091
415,4.992,-155.056,-88.9423,50.4083,0.00289996,-48.0166,180.011,381.40461023552496
416,5.004,-155.89700000000002,-89.1173,50.6471,0.00290001,-48.9344,180.011,399.2605986290676
417,5.016,-156.745,-89.2737,51.0242,0.0029,-49.9105,180.011,395.16969731415236
418,5.0280000000000005,-157.606,-89.4123,51.5402,0.0029,-50.949,180.011,392.36481065687406
419,5.04,-158.482,-89.5338,52.1948,0.0029,-52.0525,180.011,385.66503798232196
420,5.052,-159.375,-89.6388,52.9875,0.0029,-53.2225,180.011,396.19338791079565
421,5.064,-160.287,-89.7279,53.9185,0.0029,-54.4621,180.011,363.886056759625
422,5.0760000000000005,-161.22299999999998,-89.802,54.9881,0.0029,-55.7747,180.011,413.95244334276873
423,5.088,-162.179,-89.8615,56.1887,0.0029,-57.155,180.011,366.52833167679086
424,5.1,-163.15,-89.9076,57.5045,0.0029,-58.5923,180.011,473.5262060039684
425,5.112,-164.136,-89.9421,58.9205,0.0029,-60.0795,180.011,228.36696366927353
426,5.124,-165.13,-89.96700000000001,60.4168,0.0029,-61.6047,180.011,1191.7508426594345
427,5.136,-166.132,-89.9839,61.9773,0.0029,-63.1602,180.011,4763.688221734899
428,5.148,-167.137,-89.9947,63.583999999999996,0.0029,-64.7359,180.011,6009.882042899901
429,5.16,-168.141,-90.0011,65.2196,0.0029,-66.3215,180.011,7869.462588767557
430,5.172000000000001,-169.144,-90.0043,66.872,0.0029,-67.9111,180.011,8855.098367077282
431,5.184,-170.141,-90.0057,68.5282,0.0029,-69.4969,180.011,10254.715105288165
432,5.196000000000001,-171.13400000000001,-90.0061,70.1833,0.0029,-71.0777,180.011,12117.866241290052
433,5.207999999999999,-172.125,-90.0062,71.8394,0.0029,-72.658,180.011,12473.756670492436
434,5.22,-173.115,-90.0062,73.4916,0.0029,-74.2344,180.011,11743.538473357557
435,5.232,-174.097,-90.0062,75.1324,0.0029,-75.7999,180.011,11072.391994332254
436,5.244,-175.06599999999997,-90.0062,76.7501,0.0029,-77.3433,180.011,9758.237937246158
437,5.256,-176.014,-90.0062,78.335,0.0029,-78.8555,180.011,8093.829856687337
438,5.268,-176.933,-90.0062,79.8697,0.0029,-80.3199,180.011,6511.062963511886
439,5.28,-177.812,-90.0062,81.3364,0.0029,-81.7193,180.011,4488.550111851051
440,5.292000000000001,-178.64,-90.0062,82.7201,0.0029,-83.0395,180.011,3678.686291647639
441,5.303999999999999,-179.408,-90.0062,84.0027,0.0029,-84.2632,180.011,2616.922791593617
442,5.316,-180.104,-90.0062,85.1655,0.0029,-85.3728,180.011,1685.1728701508182
443,5.327999999999999,-180.72099999999998,-90.0062,86.1961,0.0029,-86.35600000000001,180.011,2875.2634692455076
444,5.34,-181.25799999999998,-90.0062,87.0922,0.0029,-87.2111,180.011,2676.435075887706
445,5.352,-181.71400000000003,-90.0062,87.8549,0.0029,-87.9387,180.011,1276.3362580586665
446,5.364,-182.09099999999998,-90.0062,88.4844,0.0029,-88.5394,180.011,616.7357294349391
447,5.376,-182.388,-90.0062,88.9805,0.0029,-89.0128,180.011,357.833876702908
448,5.388,-182.612,-90.0062,89.3537,0.0029,-89.3688,180.011,411.96113690790975
449,5.4,-182.77200000000002,-90.0062,89.6223,0.0029,-89.625,180.011,385.3651964586066
450,5.412000000000001,-182.88099999999997,-90.0062,89.8035,0.0029,-89.79799999999999,180.011,412.79945969576846
451,5.4239999999999995,-182.947,-90.0062,89.9146,0.0029,-89.904,180.011,404.5648504665429
452,5.436,-182.982,-90.0062,89.9724,0.0029,-89.9591,180.011,408.8630132486923
453,5.4479999999999995,-182.99599999999998,-90.0062,89.9952,0.0029,-89.9809,180.011,394.90609873274127
454,5.46,-182.99900000000002,-90.0062,90.0005,0.0029,-89.9859,180.011,400.55805474391417
455,5.472,-182.99900000000002,-90.0062,90.0005,0.0029,-89.9859,180.011,392.60820541034377
